Character,Lv,Rarity,Element,Weapon,Main role,Ascension,BaseHP,BaseATK,BaseDEF,Bossfight
Amber,1,4,Pyro,Bow,Sub DPS,ATK,793,19,50,lose
Amber,20,4,Pyro,Bow,Sub DPS,ATK,2038,48,129,lose
Amber,20,4,Pyro,Bow,Sub DPS,ATK,2630,62,167,lose
Amber,40,4,Pyro,Bow,Sub DPS,ATK,3940,93,250,lose
Amber,40,4,Pyro,Bow,Sub DPS,ATK,4361,103,277,lose
Amber,50,4,Pyro,Bow,Sub DPS,ATK,5016,118,318,lose
Amber,50,4,Pyro,Bow,Sub DPS,ATK,5578,131,354,lose
Amber,60,4,Pyro,Bow,Sub DPS,ATK,6233,147,396,win
Amber,60,4,Pyro,Bow,Sub DPS,ATK,6654,157,422,win
Amber,70,4,Pyro,Bow,Sub DPS,ATK,7309,172,464,win
Amber,70,4,Pyro,Bow,Sub DPS,ATK,7730,182,491,win
Amber,80,4,Pyro,Bow,Sub DPS,ATK,8385,198,532,win
Amber,80,4,Pyro,Bow,Sub DPS,ATK,8806,208,559,win
Amber,90,4,Pyro,Bow,Sub DPS,ATK,9461,223,601,win
Barbara,1,4,Hydro,Catalyst,Healer,HP,821,13,56,lose
Barbara,20,4,Hydro,Catalyst,Healer,HP,2108,34,144,lose
Barbara,20,4,Hydro,Catalyst,Healer,HP,2721,44,186,lose
Barbara,40,4,Hydro,Catalyst,Healer,HP,4076,66,279,lose
Barbara,40,4,Hydro,Catalyst,Healer,HP,4512,73,308,lose
Barbara,50,4,Hydro,Catalyst,Healer,HP,5189,84,355,lose
Barbara,50,4,Hydro,Catalyst,Healer,HP,5770,94,394,lose
Barbara,60,4,Hydro,Catalyst,Healer,HP,6448,105,441,win
Barbara,60,4,Hydro,Catalyst,Healer,HP,6884,112,470,win
Barbara,70,4,Hydro,Catalyst,Healer,HP,7561,123,517,win
Barbara,70,4,Hydro,Catalyst,Healer,HP,7996,130,546,win
Barbara,80,4,Hydro,Catalyst,Healer,HP,8674,141,593,win
Barbara,80,4,Hydro,Catalyst,Healer,HP,9110,148,623,win
Barbara,90,4,Hydro,Catalyst,Healer,HP,9787,159,669,win
Beidou,1,4,Electro,Claymore,Sub DPS,Electro DMG,1094,19,54,lose
Beidou,20,4,Electro,Claymore,Sub DPS,Electro DMG,2811,48,140,lose
Beidou,20,4,Electro,Claymore,Sub DPS,Electro DMG,3628,63,180,lose
Beidou,40,4,Electro,Claymore,Sub DPS,Electro DMG,5435,94,270,lose
Beidou,40,4,Electro,Claymore,Sub DPS,Electro DMG,6015,104,299,lose
Beidou,50,4,Electro,Claymore,Sub DPS,Electro DMG,6919,119,344,lose
Beidou,50,4,Electro,Claymore,Sub DPS,Electro DMG,7694,133,382,lose
Beidou,60,4,Electro,Claymore,Sub DPS,Electro DMG,8597,148,427,win
Beidou,60,4,Electro,Claymore,Sub DPS,Electro DMG,9178,158,456,win
Beidou,70,4,Electro,Claymore,Sub DPS,Electro DMG,10081,174,501,win
Beidou,70,4,Electro,Claymore,Sub DPS,Electro DMG,10662,184,530,win
Beidou,80,4,Electro,Claymore,Sub DPS,Electro DMG,11565,200,575,win
Beidou,80,4,Electro,Claymore,Sub DPS,Electro DMG,12146,210,603,win
Beidou,90,4,Electro,Claymore,Sub DPS,Electro DMG,13050,225,648,win
Bennett,1,4,Pyro,Sword,Healer,Energy Recharge,1039,16,65,lose
Bennett,20,4,Pyro,Sword,Healer,Energy Recharge,2670,41,166,lose
Bennett,20,4,Pyro,Sword,Healer,Energy Recharge,3447,53,214,lose
Bennett,40,4,Pyro,Sword,Healer,Energy Recharge,5163,80,321,lose
Bennett,40,4,Pyro,Sword,Healer,Energy Recharge,5715,88,356,lose
Bennett,50,4,Pyro,Sword,Healer,Energy Recharge,6573,101,409,lose
Bennett,50,4,Pyro,Sword,Healer,Energy Recharge,7309,113,455,lose
Bennett,60,4,Pyro,Sword,Healer,Energy Recharge,8168,126,508,win
Bennett,60,4,Pyro,Sword,Healer,Energy Recharge,8719,134,542,win
Bennett,70,4,Pyro,Sword,Healer,Energy Recharge,9577,148,596,win
Bennett,70,4,Pyro,Sword,Healer,Energy Recharge,10129,156,630,win
Bennett,80,4,Pyro,Sword,Healer,Energy Recharge,10987,169,684,win
Bennett,80,4,Pyro,Sword,Healer,Energy Recharge,11539,178,718,win
Bennett,90,4,Pyro,Sword,Healer,Energy Recharge,12397,191,771,win
Chongyun,1,4,Cryo,Claymore,Sub DPS,ATK,921,19,54,lose
Chongyun,20,4,Cryo,Claymore,Sub DPS,ATK,2366,48,140,lose
Chongyun,20,4,Cryo,Claymore,Sub DPS,ATK,3054,62,180,lose
Chongyun,40,4,Cryo,Claymore,Sub DPS,ATK,4574,93,270,lose
Chongyun,40,4,Cryo,Claymore,Sub DPS,ATK,5063,103,299,lose
Chongyun,50,4,Cryo,Claymore,Sub DPS,ATK,5824,118,344,lose
Chongyun,50,4,Cryo,Claymore,Sub DPS,ATK,6475,131,382,lose
Chongyun,60,4,Cryo,Claymore,Sub DPS,ATK,7236,147,427,win
Chongyun,60,4,Cryo,Claymore,Sub DPS,ATK,7725,157,456,win
Chongyun,70,4,Cryo,Claymore,Sub DPS,ATK,8485,172,501,win
Chongyun,70,4,Cryo,Claymore,Sub DPS,ATK,8974,182,530,win
Chongyun,80,4,Cryo,Claymore,Sub DPS,ATK,9734,198,575,win
Chongyun,80,4,Cryo,Claymore,Sub DPS,ATK,10223,208,603,win
Chongyun,90,4,Cryo,Claymore,Sub DPS,ATK,10984,223,648,win
Diluc,1,5,Pyro,Claymore,DPS,CRIT Rate,1011,26,61,lose
Diluc,20,5,Pyro,Claymore,DPS,CRIT Rate,2621,68,158,lose
Diluc,20,5,Pyro,Claymore,DPS,CRIT Rate,3488,90,211,lose
Diluc,40,5,Pyro,Claymore,DPS,CRIT Rate,5219,135,315,lose
Diluc,40,5,Pyro,Claymore,DPS,CRIT Rate,5834,151,352,lose
Diluc,50,5,Pyro,Claymore,DPS,CRIT Rate,6712,173,405,lose
Diluc,50,5,Pyro,Claymore,DPS,CRIT Rate,7533,194,455,lose
Diluc,60,5,Pyro,Claymore,DPS,CRIT Rate,8421,217,509,win
Diluc,60,5,Pyro,Claymore,DPS,CRIT Rate,9036,233,546,win
Diluc,70,5,Pyro,Claymore,DPS,CRIT Rate,9932,256,600,win
Diluc,70,5,Pyro,Claymore,DPS,CRIT Rate,10547,272,637,win
Diluc,80,5,Pyro,Claymore,DPS,CRIT Rate,11453,295,692,win
Diluc,80,5,Pyro,Claymore,DPS,CRIT Rate,12068,311,729,win
Diluc,90,5,Pyro,Claymore,DPS,CRIT Rate,12981,335,784,win
Fischl,1,4,Electro,Bow,Sub DPS,ATK,770,20,50,lose
Fischl,20,4,Electro,Bow,Sub DPS,ATK,1979,53,128,lose
Fischl,20,4,Electro,Bow,Sub DPS,ATK,2555,68,165,lose
Fischl,40,4,Electro,Bow,Sub DPS,ATK,3827,102,247,lose
Fischl,40,4,Electro,Bow,Sub DPS,ATK,4236,113,274,lose
Fischl,50,4,Electro,Bow,Sub DPS,ATK,4872,130,315,lose
Fischl,50,4,Electro,Bow,Sub DPS,ATK,5418,144,350,lose
Fischl,60,4,Electro,Bow,Sub DPS,ATK,6054,161,391,win
Fischl,60,4,Electro,Bow,Sub DPS,ATK,6463,172,418,win
Fischl,70,4,Electro,Bow,Sub DPS,ATK,7099,189,459,win
Fischl,70,4,Electro,Bow,Sub DPS,ATK,7508,200,485,win
Fischl,80,4,Electro,Bow,Sub DPS,ATK,8144,216,526,win
Fischl,80,4,Electro,Bow,Sub DPS,ATK,8553,227,553,win
Fischl,90,4,Electro,Bow,Sub DPS,ATK,9189,244,594,win
Jean,1,5,Anemo,Sword,Healer,Healing Bonus,1144,19,60,lose
Jean,20,5,Anemo,Sword,Healer,Healing Bonus,2967,48,155,lose
Jean,20,5,Anemo,Sword,Healer,Healing Bonus,3948,64,206,lose
Jean,40,5,Anemo,Sword,Healer,Healing Bonus,5908,96,309,lose
Jean,40,5,Anemo,Sword,Healer,Healing Bonus,6605,108,345,lose
Jean,50,5,Anemo,Sword,Healer,Healing Bonus,7599,124,397,lose
Jean,50,5,Anemo,Sword,Healer,Healing Bonus,8528,139,446,lose
Jean,60,5,Anemo,Sword,Healer,Healing Bonus,9533,155,499,win
Jean,60,5,Anemo,Sword,Healer,Healing Bonus,10230,166,535,win
Jean,70,5,Anemo,Sword,Healer,Healing Bonus,11243,183,588,win
Jean,70,5,Anemo,Sword,Healer,Healing Bonus,11940,194,624,win
Jean,80,5,Anemo,Sword,Healer,Healing Bonus,12965,211,678,win
Jean,80,5,Anemo,Sword,Healer,Healing Bonus,13662,222,715,win
Jean,90,5,Anemo,Sword,Healer,Healing Bonus,14695,239,769,win
Kaeya,1,4,Cryo,Sword,Support,Energy Recharge,976,19,66,lose
Kaeya,20,4,Cryo,Sword,Support,Energy Recharge,2506,48,171,lose
Kaeya,20,4,Cryo,Sword,Support,Energy Recharge,3235,62,220,lose
Kaeya,40,4,Cryo,Sword,Support,Energy Recharge,4846,93,330,lose
Kaeya,40,4,Cryo,Sword,Support,Energy Recharge,5364,103,365,lose
Kaeya,50,4,Cryo,Sword,Support,Energy Recharge,6170,118,420,lose
Kaeya,50,4,Cryo,Sword,Support,Energy Recharge,6860,131,467,lose
Kaeya,60,4,Cryo,Sword,Support,Energy Recharge,7666,147,522,win
Kaeya,60,4,Cryo,Sword,Support,Energy Recharge,8184,157,557,win
Kaeya,70,4,Cryo,Sword,Support,Energy Recharge,8989,172,612,win
Kaeya,70,4,Cryo,Sword,Support,Energy Recharge,9507,182,647,win
Kaeya,80,4,Cryo,Sword,Support,Energy Recharge,10312,198,702,win
Kaeya,80,4,Cryo,Sword,Support,Energy Recharge,10830,208,737,win
Kaeya,90,4,Cryo,Sword,Support,Energy Recharge,11636,223,792,win
Keqing,1,5,Electro,Sword,DPS,CRIT DMG,1020,25,62,lose
Keqing,20,5,Electro,Sword,DPS,CRIT DMG,2646,65,161,lose
Keqing,20,5,Electro,Sword,DPS,CRIT DMG,3521,87,215,lose
Keqing,40,5,Electro,Sword,DPS,CRIT DMG,5268,130,321,lose
Keqing,40,5,Electro,Sword,DPS,CRIT DMG,5889,145,359,lose
Keqing,50,5,Electro,Sword,DPS,CRIT DMG,6776,167,413,lose
Keqing,50,5,Electro,Sword,DPS,CRIT DMG,7604,187,464,lose
Keqing,60,5,Electro,Sword,DPS,CRIT DMG,8500,209,519,win
Keqing,60,5,Electro,Sword,DPS,CRIT DMG,9121,225,556,win
Keqing,70,5,Electro,Sword,DPS,CRIT DMG,10025,247,612,win
Keqing,70,5,Electro,Sword,DPS,CRIT DMG,10647,262,649,win
Keqing,80,5,Electro,Sword,DPS,CRIT DMG,11561,285,705,win
Keqing,80,5,Electro,Sword,DPS,CRIT DMG,12182,300,743,win
Keqing,90,5,Electro,Sword,DPS,CRIT DMG,13103,323,799,win
Klee,1,5,Pyro,Catalyst,DPS,Pyro DMG,801,24,48,lose
Klee,20,5,Pyro,Catalyst,DPS,Pyro DMG,2077,63,124,lose
Klee,20,5,Pyro,Catalyst,DPS,Pyro DMG,2764,84,165,lose
Klee,40,5,Pyro,Catalyst,DPS,Pyro DMG,4136,125,247,lose
Klee,40,5,Pyro,Catalyst,DPS,Pyro DMG,4623,140,276,lose
Klee,50,5,Pyro,Catalyst,DPS,Pyro DMG,5319,161,318,lose
Klee,50,5,Pyro,Catalyst,DPS,Pyro DMG,5970,180,357,lose
Klee,60,5,Pyro,Catalyst,DPS,Pyro DMG,6673,202,399,win
Klee,60,5,Pyro,Catalyst,DPS,Pyro DMG,7161,216,428,win
Klee,70,5,Pyro,Catalyst,DPS,Pyro DMG,7870,238,470,win
Klee,70,5,Pyro,Catalyst,DPS,Pyro DMG,8358,253,500,win
Klee,80,5,Pyro,Catalyst,DPS,Pyro DMG,9076,274,542,win
Klee,80,5,Pyro,Catalyst,DPS,Pyro DMG,9563,289,572,win
Klee,90,5,Pyro,Catalyst,DPS,Pyro DMG,10287,311,615,win
Lisa,1,4,Electro,Catalyst,Support,Elemental Mastery,802,19,48,lose
Lisa,20,4,Electro,Catalyst,Support,Elemental Mastery,2061,50,123,lose
Lisa,20,4,Electro,Catalyst,Support,Elemental Mastery,2661,64,159,lose
Lisa,40,4,Electro,Catalyst,Support,Elemental Mastery,3985,96,239,lose
Lisa,40,4,Electro,Catalyst,Support,Elemental Mastery,4411,107,264,lose
Lisa,50,4,Electro,Catalyst,Support,Elemental Mastery,5074,123,304,lose
Lisa,50,4,Electro,Catalyst,Support,Elemental Mastery,5642,136,338,lose
Lisa,60,4,Electro,Catalyst,Support,Elemental Mastery,6305,153,378,win
Lisa,60,4,Electro,Catalyst,Support,Elemental Mastery,6731,163,403,win
Lisa,70,4,Electro,Catalyst,Support,Elemental Mastery,7393,179,443,win
Lisa,70,4,Electro,Catalyst,Support,Elemental Mastery,7818,189,468,win
Lisa,80,4,Electro,Catalyst,Support,Elemental Mastery,8481,205,508,win
Lisa,80,4,Electro,Catalyst,Support,Elemental Mastery,8907,215,534,win
Lisa,90,4,Electro,Catalyst,Support,Elemental Mastery,9570,232,573,win
Mona,1,5,Hydro,Catalyst,Support,Energy Recharge,810,22,51,lose
Mona,20,5,Hydro,Catalyst,Support,Energy Recharge,2102,58,132,lose
Mona,20,5,Hydro,Catalyst,Support,Energy Recharge,2797,77,176,lose
Mona,40,5,Hydro,Catalyst,Support,Energy Recharge,4185,115,263,lose
Mona,40,5,Hydro,Catalyst,Support,Energy Recharge,4678,129,294,lose
Mona,50,5,Hydro,Catalyst,Support,Energy Recharge,5383,148,338,lose
Mona,50,5,Hydro,Catalyst,Support,Energy Recharge,6041,167,379,lose
Mona,60,5,Hydro,Catalyst,Support,Energy Recharge,6752,186,424,win
Mona,60,5,Hydro,Catalyst,Support,Energy Recharge,7246,200,455,win
Mona,70,5,Hydro,Catalyst,Support,Energy Recharge,7964,220,500,win
Mona,70,5,Hydro,Catalyst,Support,Energy Recharge,8458,233,531,win
Mona,80,5,Hydro,Catalyst,Support,Energy Recharge,9184,253,576,win
Mona,80,5,Hydro,Catalyst,Support,Energy Recharge,9677,267,607,win
Mona,90,5,Hydro,Catalyst,Support,Energy Recharge,10409,287,653,win
Ningguang,1,4,Geo,Catalyst,DPS,Geo DMG,821,18,48,lose
Ningguang,20,4,Geo,Catalyst,DPS,Geo DMG,2108,46,123,lose
Ningguang,20,4,Geo,Catalyst,DPS,Geo DMG,2721,59,159,lose
Ningguang,40,4,Geo,Catalyst,DPS,Geo DMG,4076,88,239,lose
Ningguang,40,4,Geo,Catalyst,DPS,Geo DMG,4512,98,264,lose
Ningguang,50,4,Geo,Catalyst,DPS,Geo DMG,5189,113,304,lose
Ningguang,50,4,Geo,Catalyst,DPS,Geo DMG,5770,125,338,lose
Ningguang,60,4,Geo,Catalyst,DPS,Geo DMG,6448,140,378,win
Ningguang,60,4,Geo,Catalyst,DPS,Geo DMG,6884,149,403,win
Ningguang,70,4,Geo,Catalyst,DPS,Geo DMG,7561,164,443,win
Ningguang,70,4,Geo,Catalyst,DPS,Geo DMG,7996,174,468,win
Ningguang,80,4,Geo,Catalyst,DPS,Geo DMG,8674,188,508,win
Ningguang,80,4,Geo,Catalyst,DPS,Geo DMG,9110,198,534,win
Ningguang,90,4,Geo,Catalyst,DPS,Geo DMG,9787,212,573,win
Noelle,1,4,Geo,Claymore,Support,DEF,1012,16,67,lose
Noelle,20,4,Geo,Claymore,Support,DEF,2600,41,172,lose
Noelle,20,4,Geo,Claymore,Support,DEF,3356,53,222,lose
Noelle,40,4,Geo,Claymore,Support,DEF,5027,80,333,lose
Noelle,40,4,Geo,Claymore,Support,DEF,5564,88,368,lose
Noelle,50,4,Geo,Claymore,Support,DEF,6400,101,423,lose
Noelle,50,4,Geo,Claymore,Support,DEF,7117,113,471,lose
Noelle,60,4,Geo,Claymore,Support,DEF,7953,126,526,win
Noelle,60,4,Geo,Claymore,Support,DEF,8490,134,562,win
Noelle,70,4,Geo,Claymore,Support,DEF,9325,148,617,win
Noelle,70,4,Geo,Claymore,Support,DEF,9862,156,652,win
Noelle,80,4,Geo,Claymore,Support,DEF,10698,169,708,win
Noelle,80,4,Geo,Claymore,Support,DEF,11235,178,743,win
Noelle,90,4,Geo,Claymore,Support,DEF,12071,191,799,win
Qiqi,1,5,Cryo,Sword,Healer,Healing Bonus,963,22,72,lose
Qiqi,20,5,Cryo,Sword,Healer,Healing Bonus,2498,58,186,lose
Qiqi,20,5,Cryo,Sword,Healer,Healing Bonus,3323,77,248,lose
Qiqi,40,5,Cryo,Sword,Healer,Healing Bonus,4973,115,371,lose
Qiqi,40,5,Cryo,Sword,Healer,Healing Bonus,5559,129,415,lose
Qiqi,50,5,Cryo,Sword,Healer,Healing Bonus,6396,148,477,lose
Qiqi,50,5,Cryo,Sword,Healer,Healing Bonus,7178,167,535,lose
Qiqi,60,5,Cryo,Sword,Healer,Healing Bonus,8023,186,598,win
Qiqi,60,5,Cryo,Sword,Healer,Healing Bonus,8610,200,642,win
Qiqi,70,5,Cryo,Sword,Healer,Healing Bonus,9463,220,706,win
Qiqi,70,5,Cryo,Sword,Healer,Healing Bonus,10050,233,749,win
Qiqi,80,5,Cryo,Sword,Healer,Healing Bonus,10912,253,814,win
Qiqi,80,5,Cryo,Sword,Healer,Healing Bonus,11499,267,857,win
Qiqi,90,5,Cryo,Sword,Healer,Healing Bonus,12368,287,922,win
Razor,1,4,Electro,Claymore,DPS,Physical DMG,1003,20,63,lose
Razor,20,4,Electro,Claymore,DPS,Physical DMG,2577,50,162,lose
Razor,20,4,Electro,Claymore,DPS,Physical DMG,3326,65,209,lose
Razor,40,4,Electro,Claymore,DPS,Physical DMG,4982,97,313,lose
Razor,40,4,Electro,Claymore,DPS,Physical DMG,5514,108,346,lose
Razor,50,4,Electro,Claymore,DPS,Physical DMG,6343,124,398,lose
Razor,50,4,Electro,Claymore,DPS,Physical DMG,7052,138,443,lose
Razor,60,4,Electro,Claymore,DPS,Physical DMG,7881,154,495,win
Razor,60,4,Electro,Claymore,DPS,Physical DMG,8413,164,528,win
Razor,70,4,Electro,Claymore,DPS,Physical DMG,9241,180,580,win
Razor,70,4,Electro,Claymore,DPS,Physical DMG,9773,191,613,win
Razor,80,4,Electro,Claymore,DPS,Physical DMG,10602,207,665,win
Razor,80,4,Electro,Claymore,DPS,Physical DMG,11134,217,699,win
Razor,90,4,Electro,Claymore,DPS,Physical DMG,11962,234,751,win
Sucrose,1,4,Anemo,Catalyst,Support,Anemo DMG,775,14,59,lose
Sucrose,20,4,Anemo,Catalyst,Support,Anemo DMG,1991,37,151,lose
Sucrose,20,4,Anemo,Catalyst,Support,Anemo DMG,2570,47,195,lose
Sucrose,40,4,Anemo,Catalyst,Support,Anemo DMG,3850,71,293,lose
Sucrose,40,4,Anemo,Catalyst,Support,Anemo DMG,4261,78,324,lose
Sucrose,50,4,Anemo,Catalyst,Support,Anemo DMG,4901,90,373,lose
Sucrose,50,4,Anemo,Catalyst,Support,Anemo DMG,5450,100,414,lose
Sucrose,60,4,Anemo,Catalyst,Support,Anemo DMG,6090,112,463,win
Sucrose,60,4,Anemo,Catalyst,Support,Anemo DMG,6501,120,494,win
Sucrose,70,4,Anemo,Catalyst,Support,Anemo DMG,7141,131,543,win
Sucrose,70,4,Anemo,Catalyst,Support,Anemo DMG,7552,139,574,win
Sucrose,80,4,Anemo,Catalyst,Support,Anemo DMG,8192,151,623,win
Sucrose,80,4,Anemo,Catalyst,Support,Anemo DMG,8604,158,654,win
Sucrose,90,4,Anemo,Catalyst,Support,Anemo DMG,9244,170,703,win
Venti,1,5,Anemo,Bow,Support,Energy Recharge,820,20,52,lose
Venti,20,5,Anemo,Bow,Support,Energy Recharge,2127,53,135,lose
Venti,20,5,Anemo,Bow,Support,Energy Recharge,2830,71,180,lose
Venti,40,5,Anemo,Bow,Support,Energy Recharge,4234,106,269,lose
Venti,40,5,Anemo,Bow,Support,Energy Recharge,4734,118,301,lose
Venti,50,5,Anemo,Bow,Support,Energy Recharge,5446,136,346,lose
Venti,50,5,Anemo,Bow,Support,Energy Recharge,6112,153,388,lose
Venti,60,5,Anemo,Bow,Support,Energy Recharge,6832,171,434,win
Venti,60,5,Anemo,Bow,Support,Energy Recharge,7331,183,465,win
Venti,70,5,Anemo,Bow,Support,Energy Recharge,8058,201,512,win
Venti,70,5,Anemo,Bow,Support,Energy Recharge,8557,214,543,win
Venti,80,5,Anemo,Bow,Support,Energy Recharge,9292,232,590,win
Venti,80,5,Anemo,Bow,Support,Energy Recharge,9791,245,622,win
Venti,90,5,Anemo,Bow,Support,Energy Recharge,10531,263,669,win
Xiangling,1,4,Pyro,Polearm,Sub DPS,Elemental Mastery,912,19,56,lose
Xiangling,20,4,Pyro,Polearm,Sub DPS,Elemental Mastery,2342,48,144,lose
Xiangling,20,4,Pyro,Polearm,Sub DPS,Elemental Mastery,3024,63,186,lose
Xiangling,40,4,Pyro,Polearm,Sub DPS,Elemental Mastery,4529,94,279,lose
Xiangling,40,4,Pyro,Polearm,Sub DPS,Elemental Mastery,5013,104,308,lose
Xiangling,50,4,Pyro,Polearm,Sub DPS,Elemental Mastery,5766,119,355,lose
Xiangling,50,4,Pyro,Polearm,Sub DPS,Elemental Mastery,6411,133,394,lose
Xiangling,60,4,Pyro,Polearm,Sub DPS,Elemental Mastery,7164,148,441,win
Xiangling,60,4,Pyro,Polearm,Sub DPS,Elemental Mastery,7648,158,470,win
Xiangling,70,4,Pyro,Polearm,Sub DPS,Elemental Mastery,8401,174,517,win
Xiangling,70,4,Pyro,Polearm,Sub DPS,Elemental Mastery,8885,184,546,win
Xiangling,80,4,Pyro,Polearm,Sub DPS,Elemental Mastery,9638,200,593,win
Xiangling,80,4,Pyro,Polearm,Sub DPS,Elemental Mastery,10122,210,623,win
Xiangling,90,4,Pyro,Polearm,Sub DPS,Elemental Mastery,10875,225,669,win
Xiao,1,5,Anemo,Polearm,DPS,CRIT Rate,991,27,62,lose
Xiao,20,5,Anemo,Polearm,DPS,CRIT Rate,2572,71,161,lose
Xiao,20,5,Anemo,Polearm,DPS,CRIT Rate,3422,94,215,lose
Xiao,40,5,Anemo,Polearm,DPS,CRIT Rate,5120,140,321,lose
Xiao,40,5,Anemo,Polearm,DPS,CRIT Rate,5724,157,359,lose
Xiao,50,5,Anemo,Polearm,DPS,CRIT Rate,6586,181,413,lose
Xiao,50,5,Anemo,Polearm,DPS,CRIT Rate,7391,203,464,lose
Xiao,60,5,Anemo,Polearm,DPS,CRIT Rate,8262,227,519,win
Xiao,60,5,Anemo,Polearm,DPS,CRIT Rate,8866,243,556,win
Xiao,70,5,Anemo,Polearm,DPS,CRIT Rate,9744,267,612,win
Xiao,70,5,Anemo,Polearm,DPS,CRIT Rate,10348,284,649,win
Xiao,80,5,Anemo,Polearm,DPS,CRIT Rate,11236,308,705,win
Xiao,80,5,Anemo,Polearm,DPS,CRIT Rate,11840,325,743,win
Xiao,90,5,Anemo,Polearm,DPS,CRIT Rate,12736,349,799,win
Xingqiu,1,4,Hydro,Sword,Sub DPS,ATK,857,17,64,lose
Xingqiu,20,4,Hydro,Sword,Sub DPS,ATK,2202,43,163,lose
Xingqiu,20,4,Hydro,Sword,Sub DPS,ATK,2842,56,211,lose
Xingqiu,40,4,Hydro,Sword,Sub DPS,ATK,4257,84,316,lose
Xingqiu,40,4,Hydro,Sword,Sub DPS,ATK,4712,93,349,lose
Xingqiu,50,4,Hydro,Sword,Sub DPS,ATK,5420,107,402,lose
Xingqiu,50,4,Hydro,Sword,Sub DPS,ATK,6027,119,447,lose
Xingqiu,60,4,Hydro,Sword,Sub DPS,ATK,6735,133,499,win
Xingqiu,60,4,Hydro,Sword,Sub DPS,ATK,7190,142,533,win
Xingqiu,70,4,Hydro,Sword,Sub DPS,ATK,7897,156,585,win
Xingqiu,70,4,Hydro,Sword,Sub DPS,ATK,8352,165,619,win
Xingqiu,80,4,Hydro,Sword,Sub DPS,ATK,9060,179,671,win
Xingqiu,80,4,Hydro,Sword,Sub DPS,ATK,9514,188,705,win
Xingqiu,90,4,Hydro,Sword,Sub DPS,ATK,10222,202,758,win
Tartaglia,1,5,Hydro,Bow,DPS,Hydro DMG,1020,23,63,lose
Tartaglia,20,5,Hydro,Bow,DPS,Hydro DMG,2646,61,165,lose
Tartaglia,20,5,Hydro,Bow,DPS,Hydro DMG,3521,81,219,lose
Tartaglia,40,5,Hydro,Bow,DPS,Hydro DMG,5268,121,328,lose
Tartaglia,40,5,Hydro,Bow,DPS,Hydro DMG,5889,135,366,lose
Tartaglia,50,5,Hydro,Bow,DPS,Hydro DMG,6776,156,421,lose
Tartaglia,50,5,Hydro,Bow,DPS,Hydro DMG,7604,175,473,lose
Tartaglia,60,5,Hydro,Bow,DPS,Hydro DMG,8500,195,528,win
Tartaglia,60,5,Hydro,Bow,DPS,Hydro DMG,9121,210,567,win
Tartaglia,70,5,Hydro,Bow,DPS,Hydro DMG,10025,231,623,win
Tartaglia,70,5,Hydro,Bow,DPS,Hydro DMG,10647,245,662,win
Tartaglia,80,5,Hydro,Bow,DPS,Hydro DMG,11561,266,719,win
Tartaglia,80,5,Hydro,Bow,DPS,Hydro DMG,12182,280,757,win
Tartaglia,90,5,Hydro,Bow,DPS,Hydro DMG,13103,301,815,win
Zhongli,1,5,Geo,Polearm,Support,Geo DMG,1144,20,57,lose
Zhongli,20,5,Geo,Polearm,Support,Geo DMG,2967,51,149,lose
Zhongli,20,5,Geo,Polearm,Support,Geo DMG,3948,67,198,lose
Zhongli,40,5,Geo,Polearm,Support,Geo DMG,5908,101,297,lose
Zhongli,40,5,Geo,Polearm,Support,Geo DMG,6605,113,332,lose
Zhongli,50,5,Geo,Polearm,Support,Geo DMG,7599,130,382,lose
Zhongli,50,5,Geo,Polearm,Support,Geo DMG,8528,146,428,lose
Zhongli,60,5,Geo,Polearm,Support,Geo DMG,9533,163,479,win
Zhongli,60,5,Geo,Polearm,Support,Geo DMG,10230,175,514,win
Zhongli,70,5,Geo,Polearm,Support,Geo DMG,11243,192,564,win
Zhongli,70,5,Geo,Polearm,Support,Geo DMG,11940,204,599,win
Zhongli,80,5,Geo,Polearm,Support,Geo DMG,12965,222,651,win
Zhongli,80,5,Geo,Polearm,Support,Geo DMG,13662,233,686,win
Zhongli,90,5,Geo,Polearm,Support,Geo DMG,14695,251,738,win
Diona,1,4,Cryo,Bow,Support,Cryo DMG,802,18,50,lose
Diona,20,4,Cryo,Bow,Support,Cryo DMG,2061,46,129,lose
Diona,20,4,Cryo,Bow,Support,Cryo DMG,2661,59,167,lose
Diona,40,4,Cryo,Bow,Support,Cryo DMG,3985,88,250,lose
Diona,40,4,Cryo,Bow,Support,Cryo DMG,4411,98,277,lose
Diona,50,4,Cryo,Bow,Support,Cryo DMG,5074,113,318,lose
Diona,50,4,Cryo,Bow,Support,Cryo DMG,5642,125,354,lose
Diona,60,4,Cryo,Bow,Support,Cryo DMG,6305,140,396,win
Diona,60,4,Cryo,Bow,Support,Cryo DMG,6731,149,422,win
Diona,70,4,Cryo,Bow,Support,Cryo DMG,7393,164,464,win
Diona,70,4,Cryo,Bow,Support,Cryo DMG,7818,174,491,win
Diona,80,4,Cryo,Bow,Support,Cryo DMG,8481,188,532,win
Diona,80,4,Cryo,Bow,Support,Cryo DMG,8907,198,559,win
Diona,90,4,Cryo,Bow,Support,Cryo DMG,9570,212,601,win
Xinyan,1,4,Pyro,Claymore,Support,ATK,939,21,67,lose
Xinyan,20,4,Pyro,Claymore,Support,ATK,2413,54,172,lose
Xinyan,20,4,Pyro,Claymore,Support,ATK,3114,69,222,lose
Xinyan,40,4,Pyro,Claymore,Support,ATK,4665,103,333,lose
Xinyan,40,4,Pyro,Claymore,Support,ATK,5163,115,368,lose
Xinyan,50,4,Pyro,Claymore,Support,ATK,5939,132,423,lose
Xinyan,50,4,Pyro,Claymore,Support,ATK,6604,147,471,lose
Xinyan,60,4,Pyro,Claymore,Support,ATK,7379,164,526,win
Xinyan,60,4,Pyro,Claymore,Support,ATK,7878,175,562,win
Xinyan,70,4,Pyro,Claymore,Support,ATK,8653,192,617,win
Xinyan,70,4,Pyro,Claymore,Support,ATK,9151,203,652,win
Xinyan,80,4,Pyro,Claymore,Support,ATK,9927,220,708,win
Xinyan,80,4,Pyro,Claymore,Support,ATK,10425,231,743,win
Xinyan,90,4,Pyro,Claymore,Support,ATK,11201,249,799,win
Ganyu,1,5,Cryo,Bow,DPS,CRIT DMG,763,26,49,lose
Ganyu,20,5,Cryo,Bow,DPS,CRIT DMG,1978,68,127,lose
Ganyu,20,5,Cryo,Bow,DPS,CRIT DMG,2632,90,169,lose
Ganyu,40,5,Cryo,Bow,DPS,CRIT DMG,3939,135,253,lose
Ganyu,40,5,Cryo,Bow,DPS,CRIT DMG,4403,151,283,lose
Ganyu,50,5,Cryo,Bow,DPS,CRIT DMG,5066,173,326,lose
Ganyu,50,5,Cryo,Bow,DPS,CRIT DMG,5686,194,366,lose
Ganyu,60,5,Cryo,Bow,DPS,CRIT DMG,6355,217,409,win
Ganyu,60,5,Cryo,Bow,DPS,CRIT DMG,6820,233,439,win
Ganyu,70,5,Cryo,Bow,DPS,CRIT DMG,7495,256,482,win
Ganyu,70,5,Cryo,Bow,DPS,CRIT DMG,7960,272,512,win
Ganyu,80,5,Cryo,Bow,DPS,CRIT DMG,8643,295,556,win
Ganyu,80,5,Cryo,Bow,DPS,CRIT DMG,9108,311,586,win
Ganyu,90,5,Cryo,Bow,DPS,CRIT DMG,9797,335,630,win
Albedo,1,5,Geo,Sword,Support,Geo DMG,1030,20,68,lose
Albedo,20,5,Geo,Sword,Support,Geo DMG,2671,51,177,lose
Albedo,20,5,Geo,Sword,Support,Geo DMG,3554,67,235,lose
Albedo,40,5,Geo,Sword,Support,Geo DMG,5317,101,352,lose
Albedo,40,5,Geo,Sword,Support,Geo DMG,5944,113,394,lose
Albedo,50,5,Geo,Sword,Support,Geo DMG,6839,130,453,lose
Albedo,50,5,Geo,Sword,Support,Geo DMG,7675,146,508,lose
Albedo,60,5,Geo,Sword,Support,Geo DMG,8579,163,568,win
Albedo,60,5,Geo,Sword,Support,Geo DMG,9207,175,610,win
Albedo,70,5,Geo,Sword,Support,Geo DMG,10119,192,670,win
Albedo,70,5,Geo,Sword,Support,Geo DMG,10746,204,712,win
Albedo,80,5,Geo,Sword,Support,Geo DMG,11669,222,773,win
Albedo,80,5,Geo,Sword,Support,Geo DMG,12296,233,815,win
Albedo,90,5,Geo,Sword,Support,Geo DMG,13226,251,876,win
Rosaria,1,4,Cryo,Polearm,DPS,ATK,1030,20,60,lose
Rosaria,20,4,Cryo,Polearm,DPS,ATK,2647,52,153,lose
Rosaria,20,4,Cryo,Polearm,DPS,ATK,3417,67,197,lose
Rosaria,40,4,Cryo,Polearm,DPS,ATK,5118,100,296,lose
Rosaria,40,4,Cryo,Polearm,DPS,ATK,5665,111,327,lose
Rosaria,50,4,Cryo,Polearm,DPS,ATK,6516,127,376,lose
Rosaria,50,4,Cryo,Polearm,DPS,ATK,7245,141,418,lose
Rosaria,60,4,Cryo,Polearm,DPS,ATK,8096,158,468,win
Rosaria,60,4,Cryo,Polearm,DPS,ATK,8643,169,499,win
Rosaria,70,4,Cryo,Polearm,DPS,ATK,9493,185,548,win
Rosaria,70,4,Cryo,Polearm,DPS,ATK,10040,196,580,win
Rosaria,80,4,Cryo,Polearm,DPS,ATK,10891,213,629,win
Rosaria,80,4,Cryo,Polearm,DPS,ATK,11438,223,661,win
Rosaria,90,4,Cryo,Polearm,DPS,ATK,12289,240,710,win
Ayaka,1,5,Cryo,Sword,DPS,CRIT DMG,1001,27,61,lose
Ayaka,20,5,Cryo,Sword,DPS,CRIT DMG,2597,69,158,lose
Ayaka,20,5,Cryo,Sword,DPS,CRIT DMG,3455,92,211,lose
Ayaka,40,5,Cryo,Sword,DPS,CRIT DMG,5170,138,315,lose
Ayaka,40,5,Cryo,Sword,DPS,CRIT DMG,5779,154,352,lose
Ayaka,50,5,Cryo,Sword,DPS,CRIT DMG,6649,177,405,lose
Ayaka,50,5,Cryo,Sword,DPS,CRIT DMG,7462,198,455,lose
Ayaka,60,5,Cryo,Sword,DPS,CRIT DMG,8341,222,509,win
Ayaka,60,5,Cryo,Sword,DPS,CRIT DMG,8951,238,546,win
Ayaka,70,5,Cryo,Sword,DPS,CRIT DMG,9838,262,600,win
Ayaka,70,5,Cryo,Sword,DPS,CRIT DMG,10448,278,637,win
Ayaka,80,5,Cryo,Sword,DPS,CRIT DMG,11345,302,692,win
Ayaka,80,5,Cryo,Sword,DPS,CRIT DMG,11954,318,729,win
Ayaka,90,5,Cryo,Sword,DPS,CRIT DMG,12858,342,784,win
Hutao,1,5,Pyro,Polearm,DPS,CRIT DMG,1211,8,68,lose
Hutao,20,5,Pyro,Polearm,DPS,CRIT DMG,3141,21,177,lose
Hutao,20,5,Pyro,Polearm,DPS,CRIT DMG,4179,29,235,lose
Hutao,40,5,Pyro,Polearm,DPS,CRIT DMG,6253,43,352,lose
Hutao,40,5,Pyro,Polearm,DPS,CRIT DMG,6990,48,394,lose
Hutao,50,5,Pyro,Polearm,DPS,CRIT DMG,8042,55,453,lose
Hutao,50,5,Pyro,Polearm,DPS,CRIT DMG,9026,62,508,lose
Hutao,60,5,Pyro,Polearm,DPS,CRIT DMG,10089,69,568,win
Hutao,60,5,Pyro,Polearm,DPS,CRIT DMG,10826,74,610,win
Hutao,70,5,Pyro,Polearm,DPS,CRIT DMG,11899,81,670,win
Hutao,70,5,Pyro,Polearm,DPS,CRIT DMG,12637,86,712,win
Hutao,80,5,Pyro,Polearm,DPS,CRIT DMG,13721,94,773,win
Hutao,80,5,Pyro,Polearm,DPS,CRIT DMG,14459,99,815,win
Hutao,90,5,Pyro,Polearm,DPS,CRIT DMG,15552,106,876,win
Yanfei,1,4,Pyro,Catalyst,DPS,Pyro DMG,784,20,49,lose
Yanfei,20,4,Pyro,Catalyst,DPS,Pyro DMG,2014,52,126,lose
Yanfei,20,4,Pyro,Catalyst,DPS,Pyro DMG,2600,67,163,lose
Yanfei,40,4,Pyro,Catalyst,DPS,Pyro DMG,3895,100,244,lose
Yanfei,40,4,Pyro,Catalyst,DPS,Pyro DMG,4311,111,271,lose
Yanfei,50,4,Pyro,Catalyst,DPS,Pyro DMG,4959,127,311,lose
Yanfei,50,4,Pyro,Catalyst,DPS,Pyro DMG,5514,141,346,lose
Yanfei,60,4,Pyro,Catalyst,DPS,Pyro DMG,6161,158,387,win
Yanfei,60,4,Pyro,Catalyst,DPS,Pyro DMG,6578,169,413,win
Yanfei,70,4,Pyro,Catalyst,DPS,Pyro DMG,7225,185,453,win
Yanfei,70,4,Pyro,Catalyst,DPS,Pyro DMG,7641,196,480,win
Yanfei,80,4,Pyro,Catalyst,DPS,Pyro DMG,8289,213,520,win
Yanfei,80,4,Pyro,Catalyst,DPS,Pyro DMG,8705,223,546,win
Yanfei,90,4,Pyro,Catalyst,DPS,Pyro DMG,9352,240,587,win
Eula,1,5,Cryo,Claymore,DPS,CRIT DMG,1030,27,58,lose
Eula,20,5,Cryo,Claymore,DPS,CRIT DMG,2671,69,152,lose
Eula,20,5,Cryo,Claymore,DPS,CRIT DMG,3554,92,202,lose
Eula,40,5,Cryo,Claymore,DPS,CRIT DMG,5317,138,302,lose
Eula,40,5,Cryo,Claymore,DPS,CRIT DMG,5944,154,337,lose
Eula,50,5,Cryo,Claymore,DPS,CRIT DMG,6839,177,388,lose
Eula,50,5,Cryo,Claymore,DPS,CRIT DMG,7675,198,436,lose
Eula,60,5,Cryo,Claymore,DPS,CRIT DMG,8579,222,487,win
Eula,60,5,Cryo,Claymore,DPS,CRIT DMG,9207,238,523,win
Eula,70,5,Cryo,Claymore,DPS,CRIT DMG,10119,262,574,win
Eula,70,5,Cryo,Claymore,DPS,CRIT DMG,10746,278,610,win
Eula,80,5,Cryo,Claymore,DPS,CRIT DMG,11669,302,662,win
Eula,80,5,Cryo,Claymore,DPS,CRIT DMG,12296,318,698,win
Eula,90,5,Cryo,Claymore,DPS,CRIT DMG,13226,342,751,win
Kazuha,1,5,Anemo,Sword,Support,Elemental Mastery,1039,23,63,lose
Kazuha,20,5,Anemo,Sword,Support,Elemental Mastery,2695,60,163,lose
Kazuha,20,5,Anemo,Sword,Support,Elemental Mastery,3586,80,217,lose
Kazuha,40,5,Anemo,Sword,Support,Elemental Mastery,5366,119,324,lose
Kazuha,40,5,Anemo,Sword,Support,Elemental Mastery,5999,133,363,lose
Kazuha,50,5,Anemo,Sword,Support,Elemental Mastery,6902,153,417,lose
Kazuha,50,5,Anemo,Sword,Support,Elemental Mastery,7747,172,468,lose
Kazuha,60,5,Anemo,Sword,Support,Elemental Mastery,8659,192,523,win
Kazuha,60,5,Anemo,Sword,Support,Elemental Mastery,9292,206,562,win
Kazuha,70,5,Anemo,Sword,Support,Elemental Mastery,10213,227,617,win
Kazuha,70,5,Anemo,Sword,Support,Elemental Mastery,10846,241,656,win
Kazuha,80,5,Anemo,Sword,Support,Elemental Mastery,11777,262,712,win
Kazuha,80,5,Anemo,Sword,Support,Elemental Mastery,12410,276,750,win
Kazuha,90,5,Anemo,Sword,Support,Elemental Mastery,13348,297,807,win
Yoimiya,1,5,Pyro,Bow,DPS,CRIT Rate,791,25,48,lose
Yoimiya,20,5,Pyro,Bow,DPS,CRIT Rate,2053,65,124,lose
Yoimiya,20,5,Pyro,Bow,DPS,CRIT Rate,2731,87,165,lose
Yoimiya,40,5,Pyro,Bow,DPS,CRIT Rate,4086,130,247,lose
Yoimiya,40,5,Pyro,Bow,DPS,CRIT Rate,4568,145,276,lose
Yoimiya,50,5,Pyro,Bow,DPS,CRIT Rate,5256,167,318,lose
Yoimiya,50,5,Pyro,Bow,DPS,CRIT Rate,5899,187,357,lose
Yoimiya,60,5,Pyro,Bow,DPS,CRIT Rate,6593,209,399,win
Yoimiya,60,5,Pyro,Bow,DPS,CRIT Rate,7075,225,428,win
Yoimiya,70,5,Pyro,Bow,DPS,CRIT Rate,7777,247,470,win
Yoimiya,70,5,Pyro,Bow,DPS,CRIT Rate,8259,262,500,win
Yoimiya,80,5,Pyro,Bow,DPS,CRIT Rate,8968,285,542,win
Yoimiya,80,5,Pyro,Bow,DPS,CRIT Rate,9450,300,572,win
Yoimiya,90,5,Pyro,Bow,DPS,CRIT Rate,10164,323,615,win
Sayu,1,4,Anemo,Claymore,Healer,Elemental Mastery,994,20,62,lose
Sayu,20,4,Anemo,Claymore,Healer,Elemental Mastery,2553,53,160,lose
Sayu,20,4,Anemo,Claymore,Healer,Elemental Mastery,3296,68,207,lose
Sayu,40,4,Anemo,Claymore,Healer,Elemental Mastery,4937,102,310,lose
Sayu,40,4,Anemo,Claymore,Healer,Elemental Mastery,5464,113,343,lose
Sayu,50,4,Anemo,Claymore,Healer,Elemental Mastery,6285,130,395,lose
Sayu,50,4,Anemo,Claymore,Healer,Elemental Mastery,6988,144,439,lose
Sayu,60,4,Anemo,Claymore,Healer,Elemental Mastery,7809,161,491,win
Sayu,60,4,Anemo,Claymore,Healer,Elemental Mastery,8337,172,524,win
Sayu,70,4,Anemo,Claymore,Healer,Elemental Mastery,9157,189,575,win
Sayu,70,4,Anemo,Claymore,Healer,Elemental Mastery,9684,200,608,win
Sayu,80,4,Anemo,Claymore,Healer,Elemental Mastery,10505,216,660,win
Sayu,80,4,Anemo,Claymore,Healer,Elemental Mastery,11033,227,693,win
Sayu,90,4,Anemo,Claymore,Healer,Elemental Mastery,11854,244,745,win
Traveler,1,5,All,Sword,Support,ATK,912,18,57,lose
Traveler,20,5,All,Sword,Support,ATK,2342,46,147,lose
Traveler,20,5,All,Sword,Support,ATK,3024,59,190,lose
Traveler,40,5,All,Sword,Support,ATK,4529,88,284,lose
Traveler,40,5,All,Sword,Support,ATK,5013,98,315,lose
Traveler,50,5,All,Sword,Support,ATK,5766,113,362,lose
Traveler,50,5,All,Sword,Support,ATK,6411,125,402,lose
Traveler,60,5,All,Sword,Support,ATK,7164,140,450,win
Traveler,60,5,All,Sword,Support,ATK,7648,149,480,win
Traveler,70,5,All,Sword,Support,ATK,8401,164,527,win
Traveler,70,5,All,Sword,Support,ATK,8885,174,558,win
Traveler,80,5,All,Sword,Support,ATK,9638,188,605,win
Traveler,80,5,All,Sword,Support,ATK,10122,198,635,win
Traveler,90,5,All,Sword,Support,ATK,10875,212,683,win
Shogun,1,5,Electro,Polearm,Sub DPS,Energy Recharge,1005,26,61,lose
Shogun,20,5,Electro,Polearm,Sub DPS,Energy Recharge,2606,68,159,lose
Shogun,20,5,Electro,Polearm,Sub DPS,Energy Recharge,3468,91,212,lose
Shogun,40,5,Electro,Polearm,Sub DPS,Energy Recharge,5189,136,317,lose
Shogun,40,5,Electro,Polearm,Sub DPS,Energy Recharge,5801,152,355,lose
Shogun,50,5,Electro,Polearm,Sub DPS,Energy Recharge,6675,174,408,lose
Shogun,50,5,Electro,Polearm,Sub DPS,Energy Recharge,7491,196,458,lose
Shogun,60,5,Electro,Polearm,Sub DPS,Energy Recharge,8373,219,512,win
Shogun,60,5,Electro,Polearm,Sub DPS,Energy Recharge,8985,235,549,win
Shogun,70,5,Electro,Polearm,Sub DPS,Energy Recharge,9875,258,604,win
Shogun,70,5,Electro,Polearm,Sub DPS,Energy Recharge,10487,274,641,win
Shogun,80,5,Electro,Polearm,Sub DPS,Energy Recharge,11388,298,696,win
Shogun,80,5,Electro,Polearm,Sub DPS,Energy Recharge,12000,314,734,win
Shogun,90,5,Electro,Polearm,Sub DPS,Energy Recharge,12907,337,789,win
Aloy,1,5,Cryo,Bow,DPS,Cryo DMG,848,18,53,lose
Aloy,20,5,Cryo,Bow,DPS,Cryo DMG,2201,47,137,lose
Aloy,20,5,Cryo,Bow,DPS,Cryo DMG,2928,63,182,lose
Aloy,40,5,Cryo,Bow,DPS,Cryo DMG,4382,94,272,lose
Aloy,40,5,Cryo,Bow,DPS,Cryo DMG,4899,105,304,lose
Aloy,50,5,Cryo,Bow,DPS,Cryo DMG,5636,121,350,lose
Aloy,50,5,Cryo,Bow,DPS,Cryo DMG,6325,136,393,lose
Aloy,60,5,Cryo,Bow,DPS,Cryo DMG,7070,152,439,win
Aloy,60,5,Cryo,Bow,DPS,Cryo DMG,7587,163,471,win
Aloy,70,5,Cryo,Bow,DPS,Cryo DMG,8339,179,517,win
Aloy,70,5,Cryo,Bow,DPS,Cryo DMG,8856,190,550,win
Aloy,80,5,Cryo,Bow,DPS,Cryo DMG,9616,206,597,win
Aloy,80,5,Cryo,Bow,DPS,Cryo DMG,10133,217,629,win
Aloy,90,5,Cryo,Bow,DPS,Cryo DMG,10899,234,676,win
Sara,1,4,Electro,Bow,Support,ATK,802,16,53,lose
Sara,20,4,Electro,Bow,Support,ATK,2061,42,135,lose
Sara,20,4,Electro,Bow,Support,ATK,2661,54,175,lose
Sara,40,4,Electro,Bow,Support,ATK,3985,81,262,lose
Sara,40,4,Electro,Bow,Support,ATK,4411,90,289,lose
Sara,50,4,Electro,Bow,Support,ATK,5074,104,333,lose
Sara,50,4,Electro,Bow,Support,ATK,5642,115,370,lose
Sara,60,4,Electro,Bow,Support,ATK,6305,129,414,win
Sara,60,4,Electro,Bow,Support,ATK,6731,137,442,win
Sara,70,4,Electro,Bow,Support,ATK,7393,151,485,win
Sara,70,4,Electro,Bow,Support,ATK,7818,160,513,win
Sara,80,4,Electro,Bow,Support,ATK,8481,173,556,win
Sara,80,4,Electro,Bow,Support,ATK,8907,182,584,win
Sara,90,4,Electro,Bow,Support,ATK,9570,195,628,win
Kokomi,1,5,Hydro,Catalyst,Healer,Hydro DMG,1049,18,51,lose
Kokomi,20,5,Hydro,Catalyst,Healer,Hydro DMG,2720,47,133,lose
Kokomi,20,5,Hydro,Catalyst,Healer,Hydro DMG,3619,63,177,lose
Kokomi,40,5,Hydro,Catalyst,Healer,Hydro DMG,5416,94,264,lose
Kokomi,40,5,Hydro,Catalyst,Healer,Hydro DMG,6055,105,295,lose
Kokomi,50,5,Hydro,Catalyst,Healer,Hydro DMG,6966,121,340,lose
Kokomi,50,5,Hydro,Catalyst,Healer,Hydro DMG,7818,136,381,lose
Kokomi,60,5,Hydro,Catalyst,Healer,Hydro DMG,8738,152,426,win
Kokomi,60,5,Hydro,Catalyst,Healer,Hydro DMG,9377,163,457,win
Kokomi,70,5,Hydro,Catalyst,Healer,Hydro DMG,10306,179,503,win
Kokomi,70,5,Hydro,Catalyst,Healer,Hydro DMG,10945,190,534,win
Kokomi,80,5,Hydro,Catalyst,Healer,Hydro DMG,11885,207,580,win
Kokomi,80,5,Hydro,Catalyst,Healer,Hydro DMG,12524,218,611,win
Kokomi,90,5,Hydro,Catalyst,Healer,Hydro DMG,13471,234,657,win
